prompt_index;avg_power_W;max_power_W;duration_s;energy_Wh
0;171.437;223.710;36;1.714370
1;146.585;168.850;11;0.447899
2;147.924;171.290;11;0.451990
