prompt_index;avg_power_W;max_power_W;duration_s;energy_Wh
0;126.734;168.010;9;0.316835
1;134.814;150.030;5;0.187242
2;144.500;184.770;37;1.485139
